res_name,res_tell,res_addr,res_runtime,res_keyword,res_latitude,res_longitude,raiting,like_count
광화문짬뽕,02-2075-7565,서울 종로구 종로 19 2층 225호,,중식당,37.572048477,127.005070736,4.44,462
워터밀,02-763-8877,서울 종로구 수표로28길 33-7 워터밀,매일 11:30 - 21:00 ,양식,37.573448126,126.9900266,4.38,111
꽃밥에피다,02-732-0276,서울 종로구 인사동16길 3-6,,한식,37.575275509,126.984015028,4.32,545
땡스오트 안국,0507-1392-0891,서울 종로구 북촌로 21-10,매일 11:00 - 21:00 ,"카페,디저트",37.578804758,126.984598918,4.48,321
용금옥,02-777-4749,서울 종로구 자하문로 41-2,,"해물,생선요리",37.579775555,126.970881003,4.24,103
더숲 초소책방,02-735-0206,서울 종로구 옥인동 산3-1,매일 08:00 - 22:00 ,북카페,,,4.36,169
블란서미술관,0507-1432-8263,서울 종로구 삼일대로32길 49-9,평일 12:00 - 22:00 매주 월요일 휴무,"카페,디저트",37.5759185,126.989593763,4.94,217
모던샤브하우스,02-2251-8501,서울 종로구 종로3길 17 D타워 리플레이스 광화문 5층,매일 11:30 - 22:00 (Last Order 21:00),샤브샤브,37.571068136,126.97889685,4.55,390
제이엘리,0507-1339-9036,서울 종로구 자하문로5길 4 제이엘리,,양식,37.577867857,126.971467848,4.66,214
경양카츠,0507-1447-8896,서울 종로구 수표로28길 15,,일식당,37.572915145,126.989375134,4.3,552
미인과 자연,010-5372-6389,서울 종로구 세검정로9길 78,,"백반,가정식",37.606243123,126.959745318,4.32,17
호호식당 대학로,0507-1317-2384,서울 종로구 대학로9길 35,매일 11:00 - 22:00 Break Time 15:00-17:00,일식당,37.581897942,127.000034291,4.43,"1,296"
청수당,0507-1318-8215,서울 종로구 돈화문로11나길 31-9,매일 11:30 - 22:00 Last Order  : 21:30,"카페,디저트",37.573936776,126.98974505,4.37,908
거울한옥 미러룸,02-6085-3900,서울 종로구 삼청로2길 40 거울한옥 미러룸,,"카페,디저트",37.580063221,126.981108024,4.36,110
서촌계단집,02-737-8412,서울 종로구 자하문로1길 15,,"해물,생선요리",37.576405381,126.971473136,4.3,643
미도인 대학로,02-765-1995,서울 종로구 대학로9길 32 1층 미도인,"매일 11:30 - 21:00 점심 라스트 오더 14:50 저녁라스트 오더 20:30, 브레이크타임 평일 15:00~17:00 저녁 라스트 오더 20:30 주말 15:50~17:00",양식,37.581865216,127.00032342,4.39,188
피그인더가든 광화문점,02-2251-8040,"서울 종로구 종로3길 17 (청진동) D타워 replace 1층, 117-119호 피그인더가든",,"다이어트,샐러드",37.571068136,126.97889685,4.2,475
호호식당 익선,0507-1315-2384,서울 종로구 익선동 170-1,,일식당,,,4.5,"2,885"
랑데자뷰대학로,02-764-7779,서울 종로구 창경궁로34길 18-5 1층,매일 11:00 - 23:00 ,"카페,디저트",37.584116982,127.000792531,4.04,50
나뭇잎스시,0507-1378-1079,서울 종로구 창의문로5길 2 1층,,"초밥,롤",37.5925595,126.963880344,4.29,77
익선잡방,0507-1313-3418,서울 종로구 수표로28길 17-21 익선잡방,,브런치,37.573390002,126.989442493,4.47,786
카페 노티드 안국,0507-1337-9973,서울 종로구 북촌로 6-3 1층,매일 10:00 - 21:00 ,"카페,디저트",37.577548195,126.986084568,4.46,"2,853"
슬로우포레스트,070-7525-5600,서울 종로구 삼청로5길 20,매일 12:00 - 19:00 ,브런치,37.582818135,126.980779798,4.41,273
더마틴,02-738-2299,서울 종로구 자하문로 54-1 THE MARTIN,,아이스크림,37.580921392,126.971452285,4.45,383
촌놈,0507-1336-1011,서울 종로구 대학로8가길 48,,돼지고기구이,37.582925807,127.002421942,4.44,376
애즈라이크,02-722-9994,서울 종로구 효자로7길 23 1층 애즈라이크,,브런치,37.578460833,126.97331682,4.47,381
삼청동수제비,02-735-2965,서울 종로구 삼청로 101-1,매일 11:00 - 21:00 연중무휴,한식,37.584602706,126.981930492,4.31,"2,591"
카페사사,02-762-7001,서울 종로구 서순라길 147 1~2층,,"카페,디저트",37.576742341,126.991612969,4.32,88
스태픽스,0507-1341-2055,서울 종로구 사직로9길 22 102호,,브런치,37.577472782,126.967882004,4.3,369
잘빠진메밀 서촌 본점,0507-1403-1214,서울 종로구 자하문로11길 4,,막국수,37.579671686,126.970980429,4.44,"1,239"
온천집,02-762-8215,서울 종로구 돈화문로11나길 31-8,,샤브샤브,37.574022572,126.989814572,4.38,"1,780"
바비레드 종로점,02-736-1517,서울 종로구 종로 51 종로타워 지하 2층 211호,매일 11:00 - 21:30 라스트오더 오후 8시30분,이탈리아음식,37.579606829,126.986614958,4.41,"1,148"
송암여관,02-741-5938,서울 종로구 돈화문로11나길 31-3,,일식당,37.574001365,126.990044773,4.08,191
정돈 대학로본점,0507-1408-0924,서울 종로구 대학로9길 12,,돈가스,37.581809397,127.001098409,4.46,"1,793"
서촌스코프,070-7761-1739,서울 종로구 필운대로5가길 31,,"카페,디저트",37.58036101,126.967478226,4.5,"1,860"
프릳츠 원서점,02-747-8101,서울 종로구 율곡로 83 아라리오 뮤지엄,매일 10:00 - 21:00 ,카페,37.577671338,126.988481334,4.41,"1,701"
몽중헌 안국점,02-730-2051,서울 종로구 북촌로 31-22,,중식당,37.579562917,126.9837224,4.48,290
다운타우너 안국,0507-1349-3696,서울 종로구 북촌로 6-4 1층,매일 11:00 - 21:00 Last Order 20:00,햄버거,37.577445564,126.986263352,4.54,"3,055"
개성만두 궁,0507-1401-9240,서울 종로구 인사동10길 11-3,,만두,37.574295142,126.98542531,4.31,693
조감,070-7576-3384,서울 종로구 새문안로 87 401호,,"카페,디저트",37.570354743,126.974264803,4.58,20
계림,02-2263-6658,서울 종로구 돈화문로4길 39,,닭볶음탕,37.570170825,126.994502726,4.38,996
뼈탄집,0507-1360-9966,서울 종로구 자하문로1길 13,매일 13:00 - 01:00 ,한식,37.576425877,126.971662783,4.36,62
테르트르,0507-1388-5689,서울 종로구 낙산5길 46,매일 11:30 - 22:00 ,카페,37.57822109,127.011225715,4.25,622
온달집 종각점,0507-1463-0167,서울 종로구 삼일대로19길 24 1층 온달집 종각점,매일 15:00 - 05:00 ,포장마차,37.569658351,126.986214713,4.36,74
동래복국,0507-1318-4705,서울 종로구 종로 291,매일 09:00 - 23:00 ,복어요리,37.597219246,126.964552867,4.28,291
소금집델리 안국,0507-1317-2617,서울 종로구 북촌로4길 19 1층,,양식,37.579464285,126.986237885,4.39,"1,279"
부촌육회 본점,02-2267-1831,서울 종로구 종로 200-12,,"육류,고기요리",37.570384374,126.99985232,4.47,952
BLT스테이크,02-2276-3330,서울 종로구 청계천로 279 2층,,"스테이크,립",37.570414249,127.008753335,4.44,"2,232"
돈부리파스타 익선점,0507-1480-8992,서울 종로구 수표로28길 33-10,매일 11:30 - 21:00 15시 ~ 17시 까지 브레이크 타임 입니다.,양식,37.573552402,126.990193137,4.38,"1,175"
포비 광화문,0507-1418-8125,서울 종로구 종로3길 17 디타워 relace 광화문 1층 21호,,베이글,37.571068136,126.97889685,4.51,"2,629"
디마떼오,02-747-4444,서울 종로구 동숭길 29,,피자,37.580028411,127.003935618,4.37,236
얼스어스,0507-1337-8413,서울 종로구 자하문로28가길 1,매일 12:00 - 21:00 인스타그램참고부탁드려요.,"카페,디저트",37.585344316,126.971239211,4.39,23
서울커피 익선점,0507-1404-4890,서울 종로구 수표로28길 33-3,매일 11:00 - 22:30 ,"카페,디저트",37.573274266,126.990115915,4.55,233
칸다소바,0507-1325-1662,서울 종로구 자하문로7길 5 1층,,일본식라면,37.578176849,126.971259814,4.46,"1,289"
무던,0507-1426-1041,서울 종로구 성균관로4길 3,매일 13:00 - 22:30 매주 일요일 / 마지막 주 월요일 휴무,아이스크림,37.584595505,126.997588969,4.6,83
스시소라 (광화문점),02-733-8400,서울 종로구 종로1가 24,,일식당,37.572193411,126.96995973,4.54,511
르블란서,0507-1339-9951,서울 종로구 익선동 170-1,,프랑스음식,,,4.44,"1,319"
티엔미미,02-732-0719,서울 종로구 자하문로7길 19 1층,매일 11:00 - 22:00 15:00~17:00 준비시간,중식당,37.578634237,126.97062634,4.34,219
혜화칼국수,02-743-8212,서울 종로구 창경궁로35길 13,매일 11:30 - 22:00 브레이크타임 15시-16시,"칼국수,만두",37.586584831,127.001520762,4.32,681
블루보틀 삼청카페,02-737-6998,서울 종로구 북촌로5길 76,매일 10:00 - 20:00 ,블루보틀,37.580174207,126.980869686,4.42,532
수와래,0507-1418-2122,서울 종로구 삼청로 82,,"스파게티,파스타전문",37.582670389,126.982006398,4.61,811
오레노라멘 인사점,0507-1341-3539,서울 종로구 율곡로 49-4 1층,,일본식라면,37.576530346,126.984579163,4.51,662
정그리다,02-6953-3331,서울 종로구 낙산성곽길 2,,"카페,디저트",37.571724756,127.009862118,4.59,239
황생가칼국수,02-739-6334,서울 종로구 북촌로5길 78,매일 11:00 - 21:30 명절 당일 휴무,"칼국수,만두",37.580079572,126.980668494,4.31,"1,428"
핏제리아오,0507-1429-5005,서울 종로구 동숭길 48,평일 11:30 - 22:00 연중무휴/브레이크타임없음/라스트오더 21시30분,피자,37.580342153,127.004532331,4.57,"3,789"
빠숑숑,02-763-1211,서울 종로구 돈화문로11나길 26-6,,베이커리,37.573901368,126.990585197,4.69,232
진옥화할매원조닭한마리,02-2275-9666,서울 종로구 종로40가길 18,"매일 10:30 - 01:00 마지막주문 23:30(휴무:명절 전날,당일)",닭요리,37.570372437,127.005698388,4.32,"1,887"
묘미,02-515-8088,서울 종로구 율곡로 83 5층,,한식,37.577671338,126.988481334,4.52,55
잘빠진메밀 익선점,0507-1441-1214,서울 종로구 율곡로8길 73 잘빠진메밀 익선점,,막국수,37.574031658,126.991491355,4.47,820
부암동스코프,070-8801-1739,서울 종로구 창의문로 149,,"카페,디저트",37.593148591,126.963596772,4.48,"2,188"
스모어마켓 몬스터캠퍼스,0507-1399-0801,서울 종로구 율곡로3길 74-3,,"카페,디저트",37.579036814,126.982390362,4.5,57
도마,02-733-9376,서울 종로구 인사동8길 6-1,"매일 11:00 - 22:00 last order 20:50 / breaktime 15:00-17:00 / 예약 평일 17~19시만 가능 / 평일 오전, 주말 예약 불가","백반,가정식",37.573840346,126.98588933,4.52,"1,091"
이태리재,070-4233-6262,서울 종로구 율곡로1길 74-9,,이탈리아음식,37.578803407,126.981727639,4.33,186
후라토식당 경복궁 본점,0507-1410-0956,서울 종로구 새문안로5길 19 로얄빌딩 아케이드 B1 63호 후라토식당,매일 11:30 - 22:00 평일 브레이크타임 15:00-17:00,일식당,37.572005554,126.974291344,4.67,"1,011"
익선취향,0507-1365-2866,서울 종로구 수표로28길 17-32 1층,"매일 12:00 - 21:00 (연중무휴, 브레이크타임 없음)",양식,37.573591389,126.989590367,4.61,76
아키비스트,02-738-1517,서울 종로구 효자로13길 52 1층 아키비스트 서촌,매일 11:00 - 21:00 ,카페,37.582214482,126.972673351,4.45,534
이문설렁탕,02-733-6526,서울 종로구 우정국로 38-13,,"곰탕,설렁탕",37.572762661,126.983897733,4.3,654
어니언 안국,070-7543-2123,서울 종로구 계동길 5 카페 어니언,,"카페,디저트",37.577383642,126.986386757,4.4,"2,542"
청진옥,02-735-1690,서울 종로구 종로3길 32,매일 00:00 - 24:00 ,해장국,37.571734069,126.979474616,4.32,"1,837"
광화문미진,02-730-6198,서울 종로구 종로 19,"매일 10:00 - 22:00 명절 당일 휴무, 마지막 주문 21:00",국수,37.572048477,127.005070736,4.35,"2,056"
체부동잔치집,02-730-5420,서울 종로구 자하문로1길 16,,국수,37.576550268,126.971468377,4.33,"1,060"
살롱순라,0507-1414-0084,서울 종로구 율곡로10길 75 살롱순라,,양식,37.574153168,126.99168359,4.51,672
스펙터,02-6101-6060,서울 종로구 필운대로6길 23-1 스펙터,매일 12:00 - 22:00 휴무는 인스타그램 공지,"카페,디저트",37.580278724,126.969669797,4.42,186
살라댕 방콕,02-764-8215,서울 종로구 돈화문로11다길 40,"매일 11:30 - 21:30 브레이크 타임 15:00-17:00 / 런치 오더 마감 - 2:15 , 디너 오더 마감 - 8:45 / 살라댕다이닝 통합운영중",태국음식,37.573798764,126.989955471,4.33,747
오죽이네,02-741-8874,서울 종로구 돈화문로11가길 25,,한식,37.573785829,126.990805537,4.51,449
깡통만두,02-794-4243,서울 종로구 북촌로2길 5-6,,만두,37.578146452,126.986092576,4.44,"1,163"
박순례 손말이고기 산정집 광화문점,02-310-9636,서울 종로구 새문안로5가길 3-10 선덕빌딩 2층,,소고기구이,37.572361957,126.974179977,4.4,360
자하손만두,02-379-2648,서울 종로구 백석동길 12,"매일 11:00 - 21:30 명절 전날, 당일휴무",만두,37.593124818,126.96603678,4.12,"1,002"
더베이커스테이블,02-725-0777,서울 종로구 삼청로 131 1층,,독일음식,37.587090443,126.981493134,4.07,572
카페온화 익선점,02-741-3289,서울 종로구 수표로28길 21-10,매일 11:00 - 23:00 Last Order 22:00,"카페,디저트",37.573289341,126.989851305,4.26,685
독립밀방,02-722-3418,서울 종로구 통일로12길 10-18,,양식,37.572746928,126.960611572,4.41,863
르브리에,010-9702-2115,서울 종로구 삼청로 75-8,,브런치,37.582368485,126.981325493,4.46,105
익선동 121,02-765-0121,서울 종로구 돈화문로11나길 30,"매일 11:00 - 00:00 토, 일, 공휴일은 브레이크타임 없이 운영됩니다. 주중 브레이크 타임 16:00-17:00",한식,37.574057285,126.990288707,4.55,555
박가네 육회,02-2285-0610,서울 종로구 종로32길 9,매일 09:00 - 22:00 ,한식,37.570491824,127.000880708,4.44,294
모도우,010-3687-8324,서울 종로구 율곡로 6 트윈트리타워 B동 M층,,소고기구이,37.575472203,126.979772467,4.57,562
이태리총각 서촌점,02-730-8893,서울 종로구 자하문로9길 11,,피자,37.579324104,126.970565556,4.32,631
에베레스트 레스토랑,02-766-8850,서울 종로구 종로51가길 2-1,매일 11:00 - 23:00 연중무휴,인도음식,37.572570319,127.012499916,4.42,612
고기공방,02-744-0415,서울 종로구 대명1길 16-17,,"육류,고기요리",37.582808491,126.999954547,4.49,124
대성집,02-735-4259,서울 종로구 사직로 5,,한식,37.572732609,126.960925251,4.35,936
찬양집,02-743-1384,서울 종로구 돈화문로11다길 5,,"칼국수,만두",37.572794011,126.990276778,4.17,470
앵글340,010-3229-0340,서울 종로구 청계천로 155 3층,,"카페,디저트",37.568883458,126.994842891,4.43,333
노란집,0507-1364-5804,서울 종로구 율곡로20길 27 MJ빌딩 101호,,"육류,고기요리",37.574804966,127.003953802,,4
카페아르크,070-5220-1771,서울 종로구 인왕산로 3 1층 카페 아르크,매일 10:00 - 19:00 연중무휴,베이커리,37.574825366,126.967186074,4.34,466
육회자매집,02-2272-3069,서울 종로구 종로 200-4,,소고기구이,37.570539084,126.999876859,4.42,"1,500"
라그릴리아 광화문점,0507-1312-5732,"서울 종로구 청계천로 11 (서린동 149,청계11빌딩) 2층",,이탈리아음식,37.569458842,126.978857855,4.49,"2,275"
브라운 에비뉴,0507-1444-8334,서울 종로구 혜화로3길 5 301동 112호,,브런치,37.585961281,127.000270837,4.69,268
오가와,02-735-1001,서울 종로구 새문안로5길 19,,"초밥,롤",37.572005554,126.974291344,4.4,383
힐사이드테이블,02-720-5757,서울 종로구 경희궁2길 7,,"다이어트,샐러드",37.572868464,126.970960316,4.35,892
우와 대학로점,0507-1308-9224,서울 종로구 동숭길 78 2층,,일식당,37.58175256,127.004295358,4.45,209
단상,02-741-8333,서울 종로구 북촌로2길 11 1층 단상,,한식,37.577936305,126.986386275,4.41,520
익선디미방,0507-1400-3418,서울 종로구 수표로28길 17-27 익선디미방,,양식,37.573533815,126.98946317,4.44,885
만가타,02-722-8151,서울 종로구 삼청로2길 40-5,,양식,37.580174948,126.980959564,4.59,409
토속촌,02-737-7444,서울 종로구 자하문로5길 5,매일 10:00 - 22:00 라스트오더 21:30,"백숙,삼계탕",37.577625704,126.971583312,4.28,"2,000"
계열사,02-391-3566,서울 종로구 백석동길 7,매일 12:00 - 23:00 매주 월요일 휴무,"치킨,닭강정",37.592880212,126.965604736,4.36,"2,310"
학림,02-742-2877,서울 종로구 대학로 119 2층 학림카페,"매일 10:00 - 22:50 마지막주문 22:00 추석,설 당일만 휴무입니다.",카페,37.581943991,127.001675287,4.47,772
포시즌스호텔서울 유유안,02-6388-5500,서울 종로구 새문안로 97 11층,,중식당,37.570690211,126.975395146,4.45,862
블루보틀 삼청 한옥,02-736-6998,서울 종로구 삼청로2길 40-3,매일 12:00 - 20:00 ,블루보틀,37.58010539,126.98097847,4.43,124
커피브론즈,0507-1370-8221,서울 종로구 율곡로5길 20,,"카페,디저트",37.577071646,126.98485592,4.57,107
감성타코 광화문점,02-738-8887,서울 종로구 새문안로3길 23 경희궁의 아침 4단지,,"멕시코,남미음식",37.572630729,126.972440865,4.32,762
법원,02-745-1933,서울 종로구 창덕궁1길 33,매일 14:00 - 22:00 ,바(BAR),37.579272037,126.987364112,4.64,33
효자베이커리,02-736-7629,서울 종로구 필운대로 54,,베이커리,37.580947233,126.968668382,4.43,"1,803"
숙달돼지 종각점,0507-1310-5201,서울 종로구 종로8길 15,,돼지고기구이,37.569401269,126.984113575,4.61,375
신선식탁,02-742-6933,서울 종로구 율곡로13가길 4,,"다이어트,샐러드",37.576353966,127.00071162,4.51,"1,215"
무위낙원,0507-1360-0670,서울 종로구 삼일대로26길 24,,브런치,37.573448152,126.989302119,4.51,347
미도인 종로,02-720-5097,서울 종로구 종로 51 종로타워 지하2층 미도인,"매일 11:20 - 21:00 라스트 오더 20:10 / 브레이크타임 평일 14:40~17:00, 주말 15:30~17:00",양식,37.579606829,126.986614958,4.4,944
칸다소바,0507-1345-1662,서울 종로구 대학로 131-1,매일 11:30 - 21:30 브레이크타임 15:30 ~ 17:00/점심 라스트오더 15:00/저녁 라스트오더 21:00,일식당,37.582882339,127.001332394,4.41,663
물랑,0507-1339-7978,서울 종로구 자하문로16길 8,,프랑스음식,37.581485137,126.971897775,4.81,299
토오베,0507-1489-7720,서울 종로구 인사동길 62-4,,차,37.575341727,126.983706072,4.42,19
심퍼티쿠시 경복궁점,0507-1393-0606,서울 종로구 사직로 108-5,,와인,37.575690667,126.97082862,4.56,149
머노까머나 대학로점,02-763-8850,서울 종로구 창경궁로 236 이화빌딩,매일 11:00 - 22:30 연중무휴,인도음식,37.582646328,126.998832821,4.52,787
유진식당,02-764-2835,서울 종로구 종로17길 40,,냉면,37.572038454,126.988312844,4.3,456
나누미떡볶이성대본점,02-747-0881,서울 종로구 성균관로 9-1,매일 00:00 - 24:00 연중무휴,떡볶이,37.583717547,126.997861653,4.35,"1,336"
소진담 안녕인사동점,02-6954-2908,서울 종로구 인사동길 49 5층,매일 10:30 - 21:00 (단축영업),베이커리,37.574407774,126.983546688,4.37,578
우육면관 청계천점,070-4213-5678,서울 종로구 청계천로 75-2,,중식당,37.568560337,126.986096294,4.48,629
등선재,02-3665-6600,서울 종로구 돈화문로9길 26-1,,"카페,디저트",37.571932412,126.990254855,4.68,192
박가네 빈대떡,02-2264-0847,서울 종로구 종로32길 7,매일 08:00 - 22:00 연중무휴,"전,빈대떡",37.570566848,127.000874218,4.34,"1,260"
마이클 바이 해비치,02-722-4300,서울 종로구 우정국로 26 센트로폴리스 2층,,양식,37.571680806,126.983530241,4.48,"1,541"
도토리브라더스,02-737-2224,서울 종로구 경희궁길 41 1층 도토리브라더스,,한식,37.572921844,126.969268263,4.33,789
한식공간,02-747-8104,서울 종로구 율곡로 83 공간신사옥 4층 한식공간,,한식,37.577671338,126.988481334,4.2,41
아델라베일리,0507-1339-0707,서울 종로구 북악산로 48,,이탈리아음식,37.595022276,126.970702992,4.33,"1,769"
아지오,0507-1338-0211,서울 종로구 인사동11길 23,"매일 11:30 - 22:00 명절 정상영업, 브레이크타임 오후 3시30분~5시","스파게티,파스타전문",37.573687009,126.983431198,4.57,"1,050"
혜화도담,0507-1343-0074,서울 종로구 대명1길 16-6 혜화도담,,한식,37.583020057,127.000421929,4.48,469
라미스콘 익선,0507-1342-9562,서울 종로구 돈화문로11나길 25,매일 12:00 - 22:00 연중무휴,"카페,디저트",37.573837721,126.99035146,4.29,531
연남토마 북촌점,0507-1338-9875,서울 종로구 북촌로5길 39 1층,매일 11:30 - 21:00 last order 20:30 / SUN last order 20:00,퓨전음식,37.579328309,126.982720204,4.44,558
준수방키친,0507-1404-0691,서울 종로구 자하문로11길 8,,이탈리아음식,37.579695628,126.970783852,4.49,315
창화당 익선동,070-8845-3525,서울 종로구 수표로28길 23,,"칼국수,만두",37.572979777,126.989838009,4.28,652
도취,0507-1346-5388,서울 종로구 옥인길 23-6 제지하층 101호,,요리주점,37.580895005,126.967074299,4.51,96
닥터로빈 광화문점,02-2251-8510,서울 종로구 종로3길 17 D타워 replace 광화문 5층,매일 11:00 - 22:00 last order : 21:00,이탈리아음식,37.571068136,126.97889685,4.38,"1,329"
우드앤브릭,02-747-1134,서울 종로구 북촌로5길 14,,베이커리,37.579531383,126.984213399,4.41,915
종로돈부리,02-722-2384,서울 종로구 삼일대로 385,,일식당,37.568957921,126.987365281,4.37,690
루뽀,0507-1487-0880,서울 종로구 새문안로5길 31 센터포인트 빌딩 2층,,양식,37.572964451,126.974338865,4.65,"1,110"
일품당,02-733-4949,서울 종로구 세종대로23길 25,매일 11:30 - 22:00 ,샤브샤브,37.571509132,126.975053665,4.35,502
가스트로통,0507-1326-4162,서울 종로구 자하문로6길 11-36 가스트로통,,양식,37.578652347,126.972609638,4.44,"1,036"
깔리,02-747-5050,서울 종로구 대학로11길 43 명륜4가 171번지 2층,,인도음식,37.5824645,126.999231057,4.49,516
효자동초밥,0507-1402-8859,서울 종로구 자하문로 14 효자동초밥,,"초밥,롤",37.577362339,126.972442768,4.36,554
고가빈커리하우스,02-722-2224,서울 종로구 경희궁2길 7,,패밀리레스토랑,37.572868464,126.970960316,4.3,"1,214"
르꼬숑,02-6032-1300,서울 종로구 율곡로 83 3층,매일 12:00 - 22:00 02-6032-1300,양식,37.577671338,126.988481334,4.29,690
기러기둥지,0507-1341-0070,서울 종로구 돈화문로11길 28-4,,와인,37.572796452,126.990037678,4.55,158
독일주택,02-742-1933,서울 종로구 대명1길 16-4,,바(BAR),37.582983198,127.000519561,4.5,250
이다,0507-1334-3979,서울 종로구 서순라길 153,,한식,37.577026084,126.991706312,4.43,149
요지트,0507-1355-2828,서울 종로구 종로 19 지하1층 B125호,,"카페,디저트",37.572048477,127.005070736,4.63,43
스타벅스 더종로R점,1522-3232,서울 종로구 종로 51,,카페,37.579606829,126.986614958,4.52,"3,687"
자하문로118 들풀,02-720-4323,서울 종로구 자하문로 118,매일 11:30 - 21:00 매주 월요일은 정기휴무,한식,37.586432258,126.970119009,4.48,144
률,0507-1337-5845,서울 종로구 북촌로5길 45 2층,,바(BAR),37.579394374,126.982383552,4.77,24
부암동 프롬이태리,0507-1349-0414,서울 종로구 창의문로12길 2 고수빌딩 3층 프롬이태리,,양식,37.594397762,126.964023358,4.66,497
몽핀,02-395-9615,서울 종로구 자하문로 307 신관 지하3층 몽핀베이커리,매일 10:00 - 21:00 ,베이커리,37.599008451,126.959050799,4.32,219
엄용백돼지국밥 종각점,02-722-8092,서울 종로구 인사동3길 20,매일 11:00 - 22:00 ,국밥,37.571877283,126.985801629,4.22,462
미도갈비,02-725-9233,서울 종로구 삼일대로15길 25 1층,,"육류,고기요리",37.568778948,126.986131281,4.67,944
더 피아노,02-395-2480,서울 종로구 평창6길 71,매일 휴무 2021년 봄 재오픈 예정,카페,37.617259623,126.974791489,4.11,127
송스키친,02-725-1713,서울 종로구 필운대로 35-3,,양식,37.579178106,126.968609383,4.27,218
익선반주,02-529-3979,서울 종로구 돈화문로11다길 31,,한식,37.573689369,126.990284665,4.35,147
롤인익선,0507-1314-4560,서울 종로구 삼일대로30길 37,,"초밥,롤",37.57433597,126.989768186,4.58,390
창신동매운족발,02-3675-9689,서울 종로구 종로51길 23,,"족발,보쌈",37.573023287,127.011481662,4.38,"2,183"
차마시는뜰,02-722-7006,서울 종로구 북촌로11나길 26,,차,37.58214862,126.982276089,4.45,372
와이엔,02-735-6701,서울 종로구 윤보선길 71 1층,,"카페,디저트",37.579134089,126.98328278,4.27,148
육미안,0507-1449-1611,서울 종로구 창경궁로 246-4 1층 육미안,,소고기구이,37.583253155,126.999449261,4.34,149
솔트24,02-747-9273,서울 종로구 동숭길 36,매일 11:00 - 22:00 ,베이커리,37.579810017,127.004256904,4.6,826
쉐이크쉑 종각점,02-2158-7575,서울 종로구 종로 33 그랑서울 1층,,햄버거,37.576997223,127.004346236,4.38,"4,362"
오이지,0507-1355-9977,서울 종로구 대학로9길 33,,한식,37.581804181,127.000114116,4.63,112
고치비,070-8869-5776,서울 종로구 필운대로 38 1층 고치비,,이탈리아음식,37.579347536,126.96893744,4.52,159
스미스가좋아하는한옥,02-722-7003,서울 종로구 삼청로 22-7,,이탈리아음식,37.577839185,126.980097386,4.32,300
원조순희네빈대떡,02-2264-5057,서울 종로구 종로32길 5,,"전,빈대떡",37.570620773,127.000731788,4.35,"1,604"
오스테리아소띠,0507-1471-1043,서울 종로구 자하문로10길 10-19,,이탈리아음식,37.578963401,126.972259147,4.62,273
블루보틀 광화문 카페,02-722-6998,서울 종로구 청계천로 11 1층,,블루보틀,37.569458842,126.978857855,4.41,729
사발,0507-1317-4845,서울 종로구 사직로8길 34 경희궁의아침 3단지 사발 142호,,한식,37.573587575,126.97242548,4.34,454
기와탭룸,02-733-1825,서울 종로구 율곡로1길 74-7,매일 14:00 - 24:00 ,"맥주,호프",37.578684362,126.981673112,4.38,242
산모퉁이,0507-1354-4737,서울 종로구 백석동길 153,매일 11:00 - 21:00 연중무휴,카페,37.595427863,126.967963272,4.17,845
웅녀의 신전,070-4112-5610,서울 종로구 인사동길 17-1 웅녀의신전,매일 11:00 - 21:00 ,"카페,디저트",37.572391305,126.986435002,,6
JW메리어트 동대문 더라운지,02-2276-3336,서울 종로구 청계천로 279 1층,매일 10:00 - 20:00 ,"카페,디저트",37.570414249,127.008753335,4.13,"1,863"
빠리가옥,0507-1418-1626,서울 종로구 수표로28길 33-4,매일 11:30 - 22:00 Break Time 15:00-17:00,프랑스음식,37.573324537,126.99020207,4.22,679
풍류관,0507-1376-0006,서울 종로구 필운대로5나길 20-12 1층,,"카페,디저트",37.580265517,126.967461712,4.46,246
화양연화,0507-1366-2046,서울 종로구 계동길 73-1,,태국음식,37.580545654,126.986694124,4.26,246
까예데고미스,0507-1319-9123,서울 종로구 자하문로9길 34,,스페인음식,37.579546448,126.969344968,4.57,83
더 키친 살바토레 앤 바,02-730-5545,서울 종로구 율곡로2길 7 서머셋 호텔 1층,,이탈리아음식,37.575014084,126.981229064,4.34,296
뽐,0507-1374-4750,서울 종로구 자하문로9길 15 1층 서촌애벌레 건물,,바(BAR),37.579319681,126.970348101,4.76,43
메리그린,010-7361-1150,서울 종로구 대학로11길 49 2층,,"카페,디저트",37.582616574,126.999078925,4.63,126
도트 블랭킷,0507-1431-2226,"서울 종로구 윤보선길 22 1층, 도트 블랭킷",,브런치,37.57701658,126.984100542,4.51,378
백스트리트피자,0507-1301-5964,서울 종로구 수표로26길 16-2 B1 백스트리트 피자,매일 11:00 - 23:00 연중무휴,피자,37.572083515,126.989878432,4.4,221
서울프랑스,0507-1316-7725,서울 종로구 대학로12길 53 3층,,프랑스음식,37.581686224,127.004006925,4.64,323
그레인바운더리,0507-1403-2018,서울 종로구 삼일대로 388-7 큐브호텔,,"카페,디저트",37.569249635,126.988272172,4.39,418
레이지버거클럽,0507-1329-2547,서울 종로구 창의문로 137,매일 11:30 - 21:00 15:00 - 16:30 재료 준비시간 / 20:30 주문 마감,햄버거,37.592539257,126.965292353,4.46,245
익선동엘리,02-2135-3360,서울 종로구 수표로28길 21-6,,카페,37.573202167,126.989937588,4.36,678
이잌,070-8865-2255,"서울 종로구 북촌로4길 28 1, 2층",매일 11:00 - 23:59 매일 15시~ 18시 브레이크 타임,양식,37.579237839,126.986630026,4.22,224
서울서둘째로잘하는집,02-734-5302,서울 종로구 삼청로 122-1,매일 11:00 - 21:00 명절 당일만 휴무,차,37.586247547,126.981835755,4.38,806
떼레노,0507-1405-5525,서울 종로구 북촌로 69 1st Floor,,스페인음식,37.583205179,126.984612176,4.3,590
쁘띠통,0507-1329-4162,서울 종로구 자하문로 40-1,,베이커리,37.579633258,126.971558646,4.7,441
서린낙지,02-735-0670,서울 종로구 종로 19 르메이에르종로타운1,매일 11:30 - 22:30 매월  둘째주  일요일  휴무,낙지요리,37.572048477,127.005070736,4.3,"1,046"
도마 유즈라멘,070-8838-0365,서울 종로구 북촌로2길 14 유즈라멘,,한식,37.577849144,126.986426501,4.53,624
브루클린더버거조인트 광화문디타워점,02-2251-8080,서울 종로구 종로3길 17 1층,매일 11:00 - 21:30 (라스트오더21:00),햄버거,37.571068136,126.97889685,4.39,836
라라브레드 안국점,1800-4354,서울 종로구 율곡로 24,,"카페,디저트",37.57538344,126.982013305,4.53,289
에일당,0507-1460-3133,서울 종로구 수표로28길 33-9,매일 11:30 - 23:00 명절 휴무,"카페,디저트",37.573550477,126.990109578,4.28,859
프리모바치오바치 대학로점,0507-1401-0022,서울 종로구 대학로10길 5 2층,매일 11:00 - 23:00 LAST ORDER 22:00,이탈리아음식,37.58185146,127.002580547,4.64,"2,383"
칠린,010-3492-0327,서울 종로구 대학로11길 41-8,매일 12:00 - 24:00 연중무휴,바(BAR),37.582168987,126.999364062,4.43,376
디퍼카페테리아,0507-1380-4482,서울 종로구 자하문로7길 29 1층 dipper,,"카페,디저트",37.579059301,126.970257656,4.45,93
한옥 달,0507-1354-3394,서울 종로구 자하문로1가길 9,,"스파게티,파스타전문",37.576924475,126.97197148,4.38,190
공기식당,0507-1440-0930,서울 종로구 필운대로6길 20-1,,카레,37.580321006,126.969524213,4.49,195
소울보이,070-4045-0622,서울 종로구 사직로12길 11,매일 17:00 - 21:00 매주 일요일 휴무,요리주점,37.575497043,126.971041951,4.52,23
밀키요,0507-1467-7728,서울 종로구 팔판길 33,평일 10:00 - 18:00 1월 1일 휴무,"카페,디저트",37.583292478,126.981172531,4.58,18
버거파크,02-747-3005,서울 종로구 대학로11길 5 1층 버거파크,매일 11:30 - 22:00 ,햄버거,37.582177684,127.001377659,4.48,657
나무사이로,070-7590-0885,서울 종로구 사직로8길 21,,카페,37.574661684,126.97099397,4.38,490
요거트맨 종로서적점,02-725-8338,서울 종로구 종로 51 종로타워,,"카페,디저트",37.579606829,126.986614958,4.56,275
룰스,0507-1358-7205,서울 종로구 자하문로5길 17,,양식,37.577568044,126.970917374,4.59,250
라 스위스,0507-1303-4162,서울 종로구 자하문로6길 11-36,,양식,37.578652347,126.972609638,4.52,824
종로도담,0507-1321-9850,서울 종로구 삼봉로 78,,한식,37.572055916,126.981384006,4.45,605
POWER PLANT,02-2251-8383,서울 종로구 종로3길 17 D타워 리플레이스 광화문 3층,매일 11:00 - 22:00 ,양식,37.571068136,126.97889685,4.3,"1,441"
부부식당,02-765-6056,서울 종로구 동숭길 43 2층 부부식당,,한식,37.5802521,127.004289174,4.51,537
하프커피 안국점,070-7780-6665,서울 종로구 계동길 82,매일 10:00 - 21:00 last order 20:30,"카페,디저트",37.580978725,126.986835185,4.43,342
테라로사 광화문점,033-648-2760,서울 종로구 종로1길 50 더케이트윈타워 B동 1층,,카페,37.574765028,126.979616591,4.39,"1,263"
도토리편백집,0507-1420-3409,서울 종로구 창경궁로34길 26,매일 11:30 - 23:30 ,돼지고기구이,37.583910451,127.001072434,4.29,579
H라운지,02-722-0028,서울 종로구 자하문로4길 21-9,,브런치,37.577885831,126.973481907,4.38,550
김진목삼,02-929-2929,서울 종로구 자하문로1길 51 1층 김진목삼,"매일 16:00 - 01:00 1월1일, 명절 당일 휴무",돼지고기구이,37.576862538,126.969568222,4.69,183
암소서울,02-6744-0123,서울 종로구 새문안로 76 콘코디언빌딩 지하 1층,,한식,37.569801951,126.97319295,4.61,"1,096"
백부장집 닭한마리,02-732-2565,서울 종로구 삼봉로 100-1,,"칼국수,만두",37.5718227,126.982688382,4.36,"1,056"
회화나무,0507-1434-3500,서울 종로구 창덕궁길 35 3층,,카페,37.579116092,126.989124761,4.3,270
조선기술,0507-1364-8590,서울 종로구 종로3길 17 D타워 4층 조선기술,,양식,37.571068136,126.97889685,4.17,45
mishmash,0507-1415-2211,서울 종로구 창덕궁길 47,,퓨전음식,37.579659232,126.989145361,4.62,74
1940 금문,02-762-0918,서울 종로구 창경궁로 269-1 1층,,중식당,37.585409152,127.000629817,4.38,65
안주마을,02-723-3529,서울 종로구 자하문로1길 5,,포장마차,37.576456044,126.972100653,4.49,479
풍년쌀농산,02-732-7081,서울 종로구 북촌로5가길 32,,종합분식,37.580926607,126.98171261,4.29,695
북촌도담,0507-1303-9850,서울 종로구 북촌로1길 9,,한식,37.577342165,126.985293431,4.38,676
온더보더 광화문D타워점,02-2251-8282,서울 종로구 종로3길 17 D타워 replace 광화문 2층 4호,매일 11:30 - 22:00 (Last Order 21:00),"멕시코,남미음식",37.571068136,126.97889685,4.38,"1,612"
HIVER,0507-1335-7988,서울 종로구 옥인6길 2 1F HIVER,,베이커리,37.58192968,126.96415399,4.5,233
탭퍼블릭 광화문그랑서울점,0507-1334-7588,서울 종로구 종로 33 그랑서울 빌딩 B1층 B102,,"맥주,호프",37.576997223,127.004346236,4.32,820
올모스트홈 카페 아트선재센터점,02-734-2626,서울 종로구 율곡로3길 87 올모스트홈 카페,,"카페,디저트",37.579485511,126.981850063,4.39,585
스시미치루,0507-1356-4090,서울 종로구 종로1길 42 지하 1층,,"초밥,롤",37.573902876,126.978983348,4.82,286
서양집,0507-1421-7725,서울 종로구 대학로9길 23-2,,이탈리아음식,37.581482154,127.000450767,4.57,324
서촌김씨뜨라또리아,02-737-7786,서울 종로구 자하문로9길 6,,이탈리아음식,37.579571129,126.970849787,4.39,231
가배도 삼청,02-732-4542,서울 종로구 북촌로5길 56-8,매일 10:00 - 21:00 ,카페,37.579894109,126.982179202,4.38,586
조박사등갈비,02-755-8083,서울 중구 퇴계로16길 8,매일 11:00 - 22:00 ,한식,37.560396141,126.984465554,4.42,135
금돼지식당,0507-1307-8750,서울 중구 다산로 149,,돼지고기구이,37.557090713,127.011666845,4.37,"1,363"
플레눼,02-739-6337,서울 중구 세종대로 135 2층 코리아나호텔,,양식,37.568378795,126.976655114,4.62,100
진작,0507-1364-4484,서울 중구 수표로12길 12,,일식당,37.564018292,126.990837084,4.36,533
더 스팟 패뷸러스,0507-1422-1981,서울 중구 명동2길 22 1.2층,매일 10:30 - 22:00 연중무휴,"카페,디저트",37.564915986,126.985049184,4.57,"1,283"
어나더레벨,070-7677-5321,서울 중구 을지로12길 11 4층,,바(BAR),37.565644273,126.991261912,4.72,43
하동관명동본점,02-776-5656,서울 중구 명동9길 12,,"곰탕,설렁탕",37.564435481,126.985032148,4.15,"1,305"
선셋 레코드,02-2353-1455,서울 중구 을지로12길 11 2층,,카페,37.565644273,126.991261912,4.52,56
유즈라멘,070-4177-0365,서울 중구 만리재로 217,매일 11:00 - 21:30 주문 : 점심 11~15시 / 저녁 17~21시 / 브레이크타임 15 ~ 17시,일본식라면,37.556905124,126.968207934,4.47,903
다케오 호르몬 데판야끼,02-2261-4723,서울 중구 을지로12길 14 1층,,"육류,고기요리",37.565671741,126.991022,4.32,512
원조남산왕돈까스,02-755-3370,서울 중구 소파로 107,매일 10:00 - 22:00 연중무휴,돈가스,37.557347842,126.98613358,4.08,"1,785"
오장동흥남집 본점,02-2266-0735,서울 중구 마른내로 114 흥남집,,냉면,37.564322234,127.000536845,4.3,"1,452"
을지 장만옥,02-2272-7577,서울 중구 을지로12길 12 1층,"매일 12:00 - 21:00 사회적 거리두기 2단계 적용, 12/7일까지 오픈 마감시간입니다",중식당,37.565749482,126.991063377,4.26,627
안동장,02-2266-3814,서울 중구 을지로 124,,중식당,37.566121108,126.9915793,4.23,684
적당,0507-1312-8928,서울 중구 을지로 29 1층 적당,매일 10:00 - 21:30 Last Order - 21:00 / 연중무휴,"카페,디저트",37.566496418,126.981034938,4.42,513
회현식당,02-318-8011,서울 중구 퇴계로2길 9-8,,일식당,37.557010444,126.977664875,,8
필동함박 본점,0507-1409-2204,서울 중구 퇴계로 218-16,,"스테이크,립",37.560884431,126.996388125,4.29,762
오카구라 라멘&이자카야,0507-1349-4977,"서울 중구 을지로11길 26-5 1층, 2층",,일본식라면,37.567641514,126.991226873,4.43,394
온센 광화문점,02-318-1815,서울 중구 세종대로 136 지하 2층,매일 11:30 - 08:30 break time : 15:00 ~ 17:30,일식당,37.568415004,126.978283977,4.31,"1,048"
동대모밀,02-3789-0586,서울 중구 장충단로 177,매일 11:30 - 22:00 ,막국수,37.560762642,127.005594298,4.39,100
공중도시,070-8855-4008,서울 중구 충무로2길 28 301호,,카페,37.562324837,126.994623351,4.65,30
필동면옥,02-2266-2611,서울 중구 서애로 26,,냉면,37.560370272,126.996925523,4.28,885
커피한약방,070-4148-4242,서울 중구 삼일대로12길 16-6,매일 11:00 - 20:00 ,카페,37.56656963,126.988608015,4.38,"1,990"
붓처스컷 광화문점,0507-1409-0973,서울 중구 세종대로 136 서울파이낸스센터 지하2층,,"스테이크,립",37.568415004,126.978283977,4.51,"2,927"
서울다이닝,02-6325-6321,서울 중구 동호로 272 디자인하우스,,양식,37.559279163,127.003628182,4.6,50
막내회집 본점,02-755-5115,서울 중구 남대문시장2가길 2 2층,"매일 11:00 - 23:00 구정,추석당일휴무",생선회,37.559390703,126.976728684,4.25,173
애성회관한우곰탕,02-352-0303,서울 중구 남대문로5길 23 세창빌딩 1층,,"곰탕,설렁탕",37.562440185,126.978919248,4.34,591
수잔나의 앞치마,0507-1495-8007,서울 중구 퇴계로49길 24,매일 07:00 - 22:00 ,"카페,디저트",37.563289068,126.999584144,4.53,959
보틀러,0507-1354-0331,서울 중구 퇴계로27길 28 한영빌딩 1층,,양식,37.562370535,126.991626611,4.42,140
커피파운드,0507-1321-9480,서울 중구 동호로17길 13,,카페,37.557217719,127.008576147,4.52,224
러시아케익,02-6053-4079,서울 중구 을지로42길 7,,베이커리,37.565838364,127.005880499,4.45,575
after jerk off,0507-1324-5032,서울 중구 수표로 42-21 3F~5F,,와인,37.565042417,126.99045468,4.53,160
심세정,0507-1444-7579,서울 중구 퇴계로 409-11,매일 09:00 - 20:00 평일 음료는 9시부터 가능하며 주말 10시부터 이용가능합니다.. 베이커리류의 이용은 10시30분정도부터 종류에 따라 나오는 순서대로 구매하실 수 있습니다.,베이커리,37.566057622,127.017035819,4.31,369
로드리카페,0507-1491-0880,서울 중구 퇴계로 414,,"카페,디저트",37.565293469,127.017680614,4.63,121
나드리식품,0507-1340-8961,서울 중구 을지로33길 38,,한식,37.567399554,126.998525183,4.36,38
십분의일,0507-1308-8051,서울 중구 수표로 42-9 2층,매일 16:00 - 22:00 공휴일 영업(명절 연휴만 쉬어요),와인,37.565326895,126.990224465,4.42,170
청키면가 무교점,02-538-3913,서울 중구 다동길 33 1층,매일 11:30 - 22:00 평일 Break time 15:00~17:00,중식당,37.568025852,126.981135025,4.3,207
계단집,070-4419-7776,서울 중구 회현동1가 150-1,,"카페,디저트",,,4.71,107
마카오도우라오 명동점,0507-1422-9702,서울 중구 명동길 55 2층,매일 10:00 - 21:00 ,중식당,37.561973867,126.988174115,4.37,427
롯데호텔서울 델리카한스,02-317-7148,서울 중구 을지로 30,매일 07:00 - 22:00 ※정부의 사회적 거리두기 지침에 따라 영업 시간이 변동될 수 있습니다. : 저녁 이용 시간 ~ 21:00 까지,베이커리,37.565340425,126.981029338,4.72,"2,129"
파스타마켓,0507-1301-0355,서울 중구 퇴계로 210-14,"매일 11:00 - 21:00 라스트오더 8시30분, 연중무휴 , 브레이크타임없음","스파게티,파스타전문",37.560716015,126.994901046,4.42,320
애월객잔 을지로점,02-2269-7636,서울 중구 을지로12길 27 1층,매일 11:30 - 03:00 ,이자카야,37.565011679,126.990929937,4.56,73
카페피크닉,070-8821-6374,서울 중구 퇴계로6가길 30 피크닉 1층,,"카페,디저트",37.556989227,126.978119876,4.4,483
가배도 명동,0507-1304-4542,서울 중구 퇴계로18길 10 1층,매일 11:00 - 21:00 ,카페,37.560421228,126.985029599,4.4,255
카페코인 명동1호점,02-753-1667,서울 중구 명동6길 10,매일 10:00 - 22:30 ,"카페,디저트",37.562866835,126.984141088,4.3,222
뚱뚱이할머니집,0507-1333-2714,서울 중구 장충단로 174-1,매일 00:00 - 24:00 격주 화요일 정기휴무(2월23일),"족발,보쌈",37.560408107,127.005899541,4.43,360
충무로쭈꾸미불고기 충무로본점,02-2279-0803,서울 중구 퇴계로31길 11,,주꾸미요리,37.561762455,126.992202514,4.34,325
몽탄,0507-1418-8592,서울 용산구 백범로99길 50,매일 12:00 - 21:00 ,"육류,고기요리",37.536015646,126.972265242,4.43,"1,711"
오아시스 한남점,02-790-8906,서울 용산구 이태원로45길 30,,브런치,37.536588132,126.997961447,4.3,299
Gongi,02-797-7753,"서울 용산구 이태원로45길 4 1,2층",,한식,37.536232782,126.999336948,4.43,263
남영돈,02-793-3598,서울 용산구 한강대로80길 17,,돼지고기구이,37.542749478,126.973775847,4.44,409
꾸띠자르당,010-5771-5072,서울 용산구 보광로 120,,패밀리레스토랑,37.533448716,126.994600456,4.48,214
엉금집,010-2563-0129,서울 용산구 새창로35길 3 1층,매일 17:00 - 22:00 ,한식,37.53634309,126.961330621,4.82,115
mtl 한남,070-4113-3113,서울 용산구 이태원로49길 24,매일 10:00 - 22:00 명절 당일만 휴무,"카페,디저트",37.537129823,126.99905667,4.5,180
더베이커스테이블,070-7717-3501,서울 용산구 녹사평대로 244-1,,베이커리,37.5394497,126.987467045,4.33,805
빠레뜨한남 본점,070-7868-5433,서울 용산구 이태원로54길 53,,양식,37.536008473,127.001291356,4.56,"1,011"
바통,070-8869-6003,서울 용산구 한강대로15길 33 바통,,양식,37.526482324,126.962637873,4.27,295
운정96,02-798-4500,서울 용산구 이태원로45길 8 1층,매일 11:30 - 22:00 ,한정식,37.536271416,126.999154892,4.04,40
오라라,02-6053-7055,서울 용산구 이태원로54길 32 1층,매일 12:00 - 23:00 ,"카페,디저트",37.537026647,127.001725885,4.22,112
서울드래곤시티 킹스베케이션,02-2223-7940,서울 용산구 청파로20길 95 서울드래곤시티 스카이킹덤 31층,,바(BAR),37.531891899,126.962576544,4.42,310
버터북,0507-1320-6645,서울 용산구 신흥로15길 20,,베이커리,37.544149978,126.985727259,4.1,104
오스테리아 오르조,010-6361-0801,서울 용산구 한남대로20길 47,,양식,37.534892921,127.009481042,4.41,405
알밤,070-8773-8479,서울 용산구 이태원로54길 51,,양식,37.536199947,127.001388894,4.45,214
LTP 한남,02-797-5662,서울 용산구 이태원로45길 7 2층,매일 11:00 - 09:00 ,양식,37.536083309,126.998927592,,3
라운드어바웃 한남점,070-5055-2280,서울 용산구 이태원로 259-1,평일 11:30 - 22:00 라스트 오더 21시,카레,37.537852909,127.001119746,4.28,314
부자피자 1호점,02-794-9474,서울 용산구 이태원로55가길 28 1층 부자피자,,피자,37.537264419,126.999803096,4.39,384
상록수,02-704-8892,서울 용산구 청파로51길 4 1층,매일 17:00 - 02:00 연중무휴,"육류,고기요리",37.54582553,126.97002465,4.25,214
부첼리하우스,02-792-5676,서울 용산구 한남동 1-90,,양식,,,4.47,544
33apartment,02-794-0033,서울 용산구 한남대로27길 33 1층,,"카페,디저트",37.538233075,127.002992745,4.53,58
라쿠치나,02-794-6006,서울 용산구 회나무로44길 10,,이탈리아음식,37.54056235,126.996441337,4.55,122
모터시티바이매니멀 본점,0507-1343-8916,서울 용산구 이태원로 140-1 2층,,피자,37.533978916,126.989431702,4.44,132
루트에브리데이한남점,02-797-9505,서울 용산구 이태원로55가길 26-4 2층,,브런치,37.53735447,126.99996628,4.45,186
언더야드,02-749-5743,서울 용산구 한남대로27가길 26,,브런치,37.537879831,127.002680354,4.43,232
서울드래곤시티 THE 26,02-2223-7001,서울 용산구 청파로20길 95 노보텔 스위트 앰배서더 용산 26F,,양식,37.531891899,126.962576544,4.28,793
트래버틴,070-8862-6003,서울 용산구 한강대로7길 18-7,매일 11:30 - 19:30 19:00 주문 마감,"카페,디저트",37.52489719,126.962074199,4.34,151
쟈니덤플링 본관,02-790-8831,서울 용산구 보광로59길 33,매일 11:30 - 21:15 명절 휴무,"딤섬,중식만두",37.533831134,126.992124642,4.45,168
매덕스피자,02-792-2420,서울 용산구 이태원로26길 26 2층,매일 12:00 - 22:00 ,피자,37.533352313,126.993522102,4.46,699
KGML,0507-1381-5835,서울 용산구 소월로40길 21,매일 09:00 - 20:00 ,브런치,37.542584654,126.990880384,5,17
Sunday arvo,0507-1311-5671,서울 용산구 회나무로13길 52-43,,브런치,37.541618664,126.991025504,4.59,103
스타벅스 용산역써밋R점,1522-3232,서울 용산구 한강로2가 391 용산푸르지오써밋,,카페,37.531652708,126.970681601,4.48,"2,350"
효뜨,0507-1320-2549,서울 용산구 한강대로40가길 6 1층 2층,,베트남음식,37.530348991,126.971308296,4.27,535
아티장베이커스 한남점,02-749-3426,서울 용산구 한남대로18길 26,,베이커리,37.534558937,127.008651974,4.48,243
따봉브라질,0507-1328-3363,서울 용산구 이태원로 161 2F,,"스테이크,립",37.534533955,126.991810631,4.64,129
그릴도하,02-790-5575,서울 용산구 이태원로 268 2층 그릴도하,,양식,37.538332728,127.001832432,4.55,203
레호이 소월길 본점,070-4242-0426,서울 용산구 소월로38가길 5,,베트남음식,37.543229517,126.990184258,4.35,378
GOO STK 733,02-794-7339,서울 용산구 이태원로27길 101,,"스테이크,립",37.53769207,126.99490045,4.49,384
그랜드하얏트서울 스테이크하우스,02-799-8273,서울 용산구 소월로 322,,"스테이크,립",37.539260455,126.996182773,4.57,830
리틀파르크,070-4115-5104,서울 용산구 효창원로64길 6 일진빌딩 1층,,"카페,디저트",37.540112622,126.962254315,4.35,124
미티크,0507-1320-9089,서울 용산구 백범로87길 28 2F,매일 09:00 - 21:00 ,"육류,고기요리",37.538666986,126.968552604,,4
버거인,070-7573-7145,서울 용산구 청파로43길 12,,햄버거,37.543699566,126.970033367,4.55,382
삐삣버거,0507-1315-0080,서울 용산구 이태원로54길 8 1층,매일 11:30 - 21:00 Last order 20:40,햄버거,37.537772164,127.001878308,4.38,614
탭퍼블릭 한남동점,0507-1443-5000,서울 용산구 이태원로 244 트윈빌딩 L2,,"맥주,호프",37.536481292,127.000500517,4.49,377
두쓰멍,0507-1405-0422,서울 용산구 원효로 210-5 1층,,와인,37.53724772,126.965779104,4.82,22
한남타츠,02-797-0624,서울 용산구 한남대로20길 37 1층 한남타츠,매일 17:00 - 02:00 Last oder 24:30,이자카야,37.535035977,127.008992393,4.4,96
야스노야 지로,02-777-0778,서울 용산구 백범로87길 19 1층,,일식당,37.538488719,126.968080896,4.51,149
부다스벨리 이태원점,02-796-9330,서울 용산구 녹사평대로40길 48,매일 11:30 - 23:00 ,태국음식,37.534388749,126.988379223,4.57,389
에그앤플라워,0507-1328-7681,서울 용산구 용산동2가 1-549,매일 12:00 - 21:30 Break Time 15:00-18:00,"스파게티,파스타전문",,,4.37,106
시옹마오,0507-1463-0138,서울 성동구 뚝섬로9길 16 102호,,덮밥,37.539666817,127.056429144,4.6,44
미도인 성수,02-465-1995,서울 성동구 연무장7가길 3 1층,,양식,37.543235152,127.054855548,4.56,189
난포,02-468-1540,서울 성동구 서울숲4길 18-8 지층,매일 11:00 - 22:00 브레이크타임 15:30-17:00,한식,37.547047073,127.0426742,4.33,250
SADDLER HAUS,0507-1325-1231,서울 성동구 성덕정11길 5-12,,베이커리,37.538693833,127.051999245,4.6,308
연남토마 성수점,0507-1335-6548,서울 성동구 서울숲4길 16-20,매일 11:30 - 22:00 LAST ORDER 21:00,퓨전음식,37.547044007,127.042309663,4.55,177
르프리크,0507-1376-0199,서울 성동구 연무장5길 9-16 블루스톤타워 B103,매일 11:30 - 21:00 BREAK TIME (15:00~17:30) / 런치 11:30~15:00 (라스트오더 14:30) / 디너 17:30~21:00 (라스트오더 20:30) ,햄버거,37.544326553,127.052648757,4.58,168
진작다이닝,0507-1357-7415,서울 성동구 왕십리로14나길 10,,퓨전음식,37.549349952,127.045703742,4.61,92
에이투비,070-4617-0812,서울 성동구 아차산로 135 2층,,"카페,디저트",37.543943971,127.058966053,4.48,72
제스티살룬,02-2205-2622,서울 성동구 서울숲2길 19,,햄버거,37.547171169,127.040861218,4.46,"1,945"
비스트로성수,0507-1362-1817,서울 성동구 서울숲2길 40 2층 비스트로성수,,"스테이크,립",37.546403992,127.042996757,4.79,89
빅토리아베이커리,02-6012-9878,서울 성동구 서울숲2길 18-7,,베이커리,37.546939438,127.040634336,4.34,671
꼬맹스테이블,0507-1353-1375,서울 성동구 왕십리로31길 6 1층 꼬맹스테이블,,브런치,37.564188385,127.02790401,4.58,46
아이오쓰리,0507-1408-0908,서울 성동구 성수이로10길 14 103호 아이오쓰리,,"카페,디저트",37.540150354,127.056807894,4.62,181
&meal,0507-1378-0919,서울 성동구 왕십리로4길 26-18 2층 앤드밀,,브런치,37.54684552,127.046939075,4.38,308
블루보틀 성수 카페,02-6212-6998,서울 성동구 아차산로 7 케이티링커스,매일 08:00 - 20:00 ,블루보틀,37.548116029,127.045622707,4.37,"11,884"
로컬릿,0507-1354-3399,서울 성동구 한림말길 33 2층,,양식,37.540948429,127.014758048,4.73,"1,209"
brewhere,0507-1489-0780,서울 성동구 성수일로 10 1층 106호,,"카페,디저트",37.541332608,127.048840948,4.64,47
루프,0507-1423-2023,서울 성동구 연무장5길 9-13 1층,,"카페,디저트",37.544235812,127.05223687,4.38,101
팩피,0507-1428-7595,서울 성동구 왕십리로 136 102호,,"스파게티,파스타전문",37.549713122,127.044569348,4.41,277
제제,0507-1329-7000,서울 성동구 서울숲길 46-1 1층,매일 11:30 - 21:00 쉬는시간:평일14:30~17:30 주말14:30~17:00,중식당,37.547897319,127.04257504,4.23,224
미아논나,0507-1442-0132,서울 성동구 연무장5길 9-16 블루스톤타워 104호,,샌드위치,37.544326553,127.052648757,4.5,592
우에노 421,0507-1304-5596,서울 성동구 무학봉길 42-1,,"카페,디저트",37.560344851,127.027475085,4.74,891
버거점프,0507-1328-5336,서울 성동구 서울숲2길 32-14 A동 1층 103호,,햄버거,37.545645783,127.043025571,4.72,687
